<?xml version="1.0" encoding="utf-8" ?>
<hibernate-configuration xmlns='urn:nhibernate-configuration-2.2' >
	<session-factory>
		<property name="connection.driver_class">NHibernate.Driver.SqlClientDriver</property>
		<property name="connection.connection_string">Data Source=.\SQLExpress;Initial Catalog=TarantinoWebManagement;Integrated Security=true</property>
		<property name="show_sql">false</property>
		<property name="dialect">NHibernate.Dialect.MsSql2005Dialect</property>

		<mapping assembly="Tarantino.Infrastructure" />
	</session-factory>
</hibernate-configuration>